epoch,c1_accuracy,c1_loss,c2_accuracy,c2_loss,c3_accuracy,c3_loss,c4_accuracy,c4_loss,c5_accuracy,c5_loss,c6_accuracy,c6_loss,c7_accuracy,c7_loss,loss,val_c1_accuracy,val_c1_loss,val_c2_accuracy,val_c2_loss,val_c3_accuracy,val_c3_loss,val_c4_accuracy,val_c4_loss,val_c5_accuracy,val_c5_loss,val_c6_accuracy,val_c6_loss,val_c7_accuracy,val_c7_loss,val_loss
0,0.07833333313465118,3.819607973098755,0.3233333230018616,3.3847177028656006,0.05000000074505806,4.371518611907959,0.056333333253860474,4.122049808502197,0.08699999749660492,3.924729108810425,0.09099999815225601,3.89217209815979,0.08699999749660492,3.757936954498291,27.27273941040039,0.06612902879714966,3.0916199684143066,0.4048387110233307,2.526031494140625,0.04838709533214569,3.504655122756958,0.07741935551166534,3.410926580429077,0.0903225839138031,3.204049825668335,0.08870967477560043,3.055006742477417,0.09838709980249405,3.0086121559143066,21.8009033203125
1,0.07500000298023224,2.989335298538208,0.34299999475479126,2.4674489498138428,0.043666668236255646,3.472252607345581,0.06833333522081375,3.337106466293335,0.08299999684095383,3.08642840385437,0.09166666865348816,2.9322259426116943,0.10400000214576721,2.9294166564941406,21.214218139648438,0.06129032373428345,3.0068602561950684,0.4048387110233307,2.3165249824523926,0.04354838654398918,3.448397397994995,0.07741935551166534,3.340151309967041,0.09838709980249405,3.0941827297210693,0.08870967477560043,2.939785957336426,0.09838709980249405,2.896733522415161,21.042634963989258
2,0.07466666400432587,2.9741666316986084,0.34299999475479126,2.4483957290649414,0.058666665107011795,3.4545371532440186,0.070333331823349,3.3262710571289062,0.08399999886751175,3.073786497116089,0.09533333033323288,2.9158082008361816,0.09666666388511658,2.9183967113494873,21.111366271972656,0.05806451663374901,2.998978853225708,0.4048387110233307,2.299503803253174,0.0903225839138031,3.436962842941284,0.07741935551166534,3.327620267868042,0.0903225839138031,3.082435369491577,0.10967741906642914,2.9143218994140625,0.1225806474685669,2.872847318649292,20.93267059326172
3,0.09700000286102295,2.9731264114379883,0.35899999737739563,2.301788091659546,0.09399999678134918,3.348283529281616,0.11166666448116302,3.2314670085906982,0.16033333539962769,2.9767282009124756,0.1783333271741867,2.8298327922821045,0.1420000046491623,2.868837833404541,20.530065536499023,0.1387096792459488,2.928452730178833,0.42741936445236206,1.8356138467788696,0.25322580337524414,3.0991227626800537,0.23064516484737396,3.057508707046509,0.3129032254219055,2.772063970565796,0.2919354736804962,2.591864824295044,0.3096774220466614,2.6372969150543213,18.92192268371582
4,0.13833333551883698,2.978501558303833,0.5106666684150696,1.6534125804901123,0.257666677236557,2.66042160987854,0.29600000381469727,2.592442274093628,0.3736666738986969,2.3112242221832275,0.4099999964237213,2.1790974140167236,0.33899998664855957,2.393484115600586,16.768587112426758,0.17258064448833466,2.809497833251953,0.6838709712028503,1.1375272274017334,0.4887096881866455,2.133101463317871,0.46451613306999207,2.107405662536621,0.5693548321723938,1.8862968683242798,0.6338709592819214,1.6954771280288696,0.5967742204666138,1.9292895793914795,13.698593139648438
5,0.18833333253860474,2.8790979385375977,0.6433333158493042,1.1604905128479004,0.3959999978542328,1.9567688703536987,0.4463333189487457,1.892195463180542,0.5393333435058594,1.6452207565307617,0.5853333473205566,1.4879965782165527,0.5223333239555359,1.7736473083496094,12.795414924621582,0.22741936147212982,2.705655574798584,0.7370967864990234,0.9792031645774841,0.5080645084381104,1.7882757186889648,0.5193548202514648,1.8116486072540283,0.6435483694076538,1.539668083190918,0.7145161032676697,1.3762876987457275,0.625806450843811,1.5627694129943848,11.763506889343262
6,0.22233332693576813,2.723764419555664,0.7020000219345093,0.9153780937194824,0.47466665506362915,1.64521324634552,0.5376666784286499,1.5404596328735352,0.6136666536331177,1.3153226375579834,0.6660000085830688,1.1527873277664185,0.612666666507721,1.396155595779419,10.689082145690918,0.2564516067504883,2.6244308948516846,0.8032258152961731,0.7645558714866638,0.5903225541114807,1.4645791053771973,0.5822580456733704,1.4815080165863037,0.6741935610771179,1.2657358646392822,0.7532258033752441,1.1372873783111572,0.7290322780609131,1.2351601123809814,9.973258972167969
7,0.28733333945274353,2.539896249771118,0.746999979019165,0.7452528476715088,0.534333348274231,1.4139978885650635,0.5863333344459534,1.3328100442886353,0.6840000152587891,1.0967248678207397,0.7400000095367432,0.9318258166313171,0.6766666769981384,1.151950478553772,9.212458610534668,0.3354838788509369,2.4574379920959473,0.7967742085456848,0.6191434860229492,0.6532257795333862,1.1482934951782227,0.6532257795333862,1.2133653163909912,0.7596774101257324,0.9756050109863281,0.800000011920929,0.9143410921096802,0.7790322303771973,0.9908230900764465,8.319010734558105
8,0.31166666746139526,2.400590181350708,0.7663333415985107,0.6833349466323853,0.6046666502952576,1.199833631515503,0.6349999904632568,1.1598440408706665,0.7096666693687439,0.9478598833084106,0.7586666941642761,0.8174278140068054,0.7106666564941406,1.006831169128418,8.215721130371094,0.3774193525314331,2.3326094150543213,0.8435483574867249,0.5296542644500732,0.698387086391449,1.0210522413253784,0.6903225779533386,1.0890611410140991,0.7806451320648193,0.8669413924217224,0.8048387169837952,0.8056121468544006,0.7935484051704407,0.9417536854743958,7.586684226989746
9,0.34966665506362915,2.2345056533813477,0.8220000267028809,0.5459796786308289,0.6420000195503235,1.0590301752090454,0.6769999861717224,1.0127946138381958,0.7556666731834412,0.8279241323471069,0.8023333549499512,0.6687924265861511,0.7426666617393494,0.9104644656181335,7.259488105773926,0.4048387110233307,2.1465892791748047,0.8677419424057007,0.4651881456375122,0.7096773982048035,0.9565353989601135,0.6967741847038269,0.9590035676956177,0.7870967984199524,0.7755614519119263,0.8209677338600159,0.6957077383995056,0.8064516186714172,0.8251776099205017,6.823764324188232
10,0.3916666805744171,2.102515459060669,0.828000009059906,0.5083538293838501,0.6893333196640015,0.9357847571372986,0.6973333358764648,0.9187345504760742,0.7680000066757202,0.7628924250602722,0.8199999928474426,0.5956639051437378,0.7680000066757202,0.7977165579795837,6.621662616729736,0.5129032135009766,1.9891964197158813,0.9096774458885193,0.38406461477279663,0.7709677219390869,0.8173252940177917,0.7354838848114014,0.8375123143196106,0.8096774220466614,0.6800051331520081,0.8290322422981262,0.6359667778015137,0.8225806355476379,0.7282652258872986,6.072335720062256
11,0.4206666648387909,1.9599192142486572,0.8476666808128357,0.43706727027893066,0.7200000286102295,0.8519749641418457,0.737666666507721,0.8106673955917358,0.7960000038146973,0.6553053259849548,0.8373333215713501,0.53635174036026,0.7736666798591614,0.7594476938247681,6.010734558105469,0.5322580933570862,1.8381900787353516,0.9241935610771179,0.3155277967453003,0.7903226017951965,0.6633307933807373,0.7612903118133545,0.7286942005157471,0.82419353723526,0.6299794912338257,0.8500000238418579,0.566643476486206,0.8419354557991028,0.6492744088172913,5.391640663146973
12,0.445333331823349,1.8526045083999634,0.859666645526886,0.3995378911495209,0.7429999709129333,0.7542665004730225,0.765333354473114,0.7176340222358704,0.8240000009536743,0.5879912972450256,0.8510000109672546,0.47789958119392395,0.800000011920929,0.6743485331535339,5.464282035827637,0.5725806355476379,1.7727570533752441,0.9419354796409607,0.2662876844406128,0.7951613068580627,0.629859209060669,0.7693548202514648,0.6685352921485901,0.8403225541114807,0.5332275032997131,0.85161292552948,0.5033543705940247,0.8403225541114807,0.6361055970191956,5.01012659072876
13,0.4736666679382324,1.7551060914993286,0.8833333253860474,0.34510108828544617,0.7509999871253967,0.711951494216919,0.781000018119812,0.6696284413337708,0.8373333215713501,0.5277372002601624,0.8640000224113464,0.4336566627025604,0.8106666803359985,0.6052020788192749,5.048381805419922,0.6145161390304565,1.627812385559082,0.9403225779533386,0.22986651957035065,0.8209677338600159,0.5109617114067078,0.7967742085456848,0.5834372639656067,0.8467742204666138,0.4919176697731018,0.8645161390304565,0.4595966935157776,0.8500000238418579,0.5289540886878967,4.432546138763428
14,0.5173333287239075,1.6204993724822998,0.9070000052452087,0.27945244312286377,0.7730000019073486,0.6433265209197998,0.7940000295639038,0.6079208850860596,0.859333336353302,0.46330326795578003,0.8763333559036255,0.3922956585884094,0.8223333358764648,0.5811606049537659,4.587958335876465,0.6112903356552124,1.5933631658554077,0.9403225779533386,0.22921621799468994,0.8290322422981262,0.5335991382598877,0.8080645203590393,0.5563477873802185,0.8709677457809448,0.45023494958877563,0.8693548440933228,0.4318625032901764,0.8564516305923462,0.5578279495239258,4.352451801300049
15,0.5173333287239075,1.5729578733444214,0.8986666798591614,0.2876904010772705,0.7923333048820496,0.5988975167274475,0.8223333358764648,0.5333770513534546,0.8646666407585144,0.4489770531654358,0.890333354473114,0.3648054301738739,0.8339999914169312,0.524564266204834,4.331269264221191,0.6435483694076538,1.3934962749481201,0.9451612830162048,0.19536323845386505,0.8419354557991028,0.448621541261673,0.8354838490486145,0.5106450915336609,0.8693548440933228,0.4444517493247986,0.8790322542190552,0.3934355080127716,0.8661290407180786,0.5194694995880127,3.9054830074310303
16,0.5379999876022339,1.488277792930603,0.9136666655540466,0.24640488624572754,0.8090000152587891,0.5517989993095398,0.8276666402816772,0.5203948020935059,0.8586666584014893,0.4264693260192871,0.8923333287239075,0.31251561641693115,0.8510000109672546,0.48302555084228516,4.0288872718811035,0.6693548560142517,1.4145351648330688,0.9387096762657166,0.2114485204219818,0.82419353723526,0.48513808846473694,0.8209677338600159,0.5333878993988037,0.8596774339675903,0.4297459125518799,0.8790322542190552,0.3847188353538513,0.8629032373428345,0.4754656255245209,3.9344398975372314
17,0.5659999847412109,1.3950039148330688,0.9233333468437195,0.22756552696228027,0.8190000057220459,0.5104764699935913,0.8373333215713501,0.4722188413143158,0.8776666522026062,0.3836021423339844,0.8983333110809326,0.3106871247291565,0.8653333187103271,0.4500003159046173,3.749553680419922,0.6419354677200317,1.4202983379364014,0.9580644965171814,0.19595396518707275,0.8370967507362366,0.47823506593704224,0.8370967507362366,0.5031930208206177,0.8774193525314331,0.39799556136131287,0.8870967626571655,0.369550496339798,0.8677419424057007,0.46361082792282104,3.8288369178771973
18,0.5773333311080933,1.3981751203536987,0.9309999942779541,0.2103409618139267,0.8320000171661377,0.4737255871295929,0.8493333458900452,0.4506979286670685,0.890666663646698,0.34081098437309265,0.9120000004768372,0.27558445930480957,0.8553333282470703,0.46031084656715393,3.6096458435058594,0.67580646276474,1.3016258478164673,0.9548386931419373,0.18771451711654663,0.8806451559066772,0.37491247057914734,0.8661290407180786,0.424800843000412,0.8919354677200317,0.3652513325214386,0.8854838609695435,0.34703826904296875,0.874193549156189,0.42617177963256836,3.4275150299072266
19,0.5889999866485596,1.3066871166229248,0.9353333115577698,0.18598000705242157,0.8479999899864197,0.4312880039215088,0.8600000143051147,0.40663468837738037,0.8949999809265137,0.3220733106136322,0.9173333048820496,0.25032904744148254,0.871999979019165,0.40234866738319397,3.305340528488159,0.725806474685669,1.1398754119873047,0.9725806713104248,0.1434132307767868,0.8919354677200317,0.31882765889167786,0.8790322542190552,0.3795788288116455,0.9096774458885193,0.31605425477027893,0.9064516425132751,0.2950180172920227,0.8790322542190552,0.3922230303287506,2.984990358352661
20,0.6196666955947876,1.209377646446228,0.9466666579246521,0.1685054451227188,0.8653333187103271,0.3826988637447357,0.8730000257492065,0.39353275299072266,0.8966666460037231,0.3051794469356537,0.9160000085830688,0.23899906873703003,0.8830000162124634,0.3784942626953125,3.0767860412597656,0.7225806713104248,1.1279572248458862,0.9677419066429138,0.14165206253528595,0.8903225660324097,0.3152916133403778,0.8709677457809448,0.37065333127975464,0.9129032492637634,0.3069690763950348,0.9016128778457642,0.29530298709869385,0.8854838609695435,0.38842663168907166,2.9462525844573975
21,0.6480000019073486,1.1833312511444092,0.9459999799728394,0.16364136338233948,0.8646666407585144,0.38122090697288513,0.8836666941642761,0.3410780429840088,0.909333348274231,0.2676032781600952,0.9253333210945129,0.23126664757728577,0.8880000114440918,0.3486447334289551,2.9167871475219727,0.6854838728904724,1.2634755373001099,0.9596773982048035,0.1861574798822403,0.874193549156189,0.36579832434654236,0.853225827217102,0.4330645203590393,0.875806450843811,0.3658716082572937,0.8919354677200317,0.3556425869464874,0.8677419424057007,0.45213696360588074,3.422147035598755
22,0.6340000033378601,1.1913433074951172,0.9470000267028809,0.15996260941028595,0.8686666488647461,0.3869127333164215,0.8840000033378601,0.3423245847225189,0.9089999794960022,0.2856539189815521,0.9346666932106018,0.19620965421199799,0.890999972820282,0.3393169343471527,2.901723623275757,0.7048386931419373,1.1000070571899414,0.9629032015800476,0.15544986724853516,0.8887096643447876,0.30274006724357605,0.8790322542190552,0.34761953353881836,0.9080645442008972,0.33054614067077637,0.9016128778457642,0.2951923906803131,0.8903225660324097,0.3867575526237488,2.9183127880096436
23,0.6463333368301392,1.1016777753829956,0.9413333535194397,0.1561136394739151,0.8849999904632568,0.3317599594593048,0.8870000243186951,0.33011162281036377,0.9150000214576721,0.2649705111980438,0.9253333210945129,0.2197783887386322,0.8943333625793457,0.32847148180007935,2.732882261276245,0.7419354915618896,1.0640321969985962,0.9709677696228027,0.14990706741809845,0.896774172782898,0.29086819291114807,0.8822580575942993,0.35241255164146423,0.9032257795333862,0.3160771131515503,0.9064516425132751,0.2876558005809784,0.8951612710952759,0.3924746513366699,2.8534276485443115
24,0.6653333306312561,1.040659785270691,0.9526666402816772,0.1439850926399231,0.8896666765213013,0.3171578645706177,0.8973333239555359,0.3101470172405243,0.9210000038146973,0.24214106798171997,0.940666675567627,0.18391185998916626,0.906000018119812,0.3038072884082794,2.541809320449829,0.7290322780609131,1.0804723501205444,0.9564515948295593,0.1772797554731369,0.8790322542190552,0.3280967175960541,0.8903225660324097,0.36244460940361023,0.9064516425132751,0.3092045187950134,0.9032257795333862,0.2922897934913635,0.8919354677200317,0.37810492515563965,2.9278926849365234
25,0.6836666464805603,0.9862503409385681,0.9610000252723694,0.12583456933498383,0.8939999938011169,0.30584728717803955,0.8973333239555359,0.297420471906662,0.9176666736602783,0.23965179920196533,0.9419999718666077,0.18106001615524292,0.9103333353996277,0.2772182524204254,2.413282632827759,0.7241935729980469,1.1072499752044678,0.9709677696228027,0.15229791402816772,0.8903225660324097,0.29342007637023926,0.8887096643447876,0.34849783778190613,0.89838707447052,0.33375242352485657,0.9032257795333862,0.3044483959674835,0.8790322542190552,0.4167689085006714,2.956435203552246
26,0.6669999957084656,1.0293282270431519,0.9543333053588867,0.1331050843000412,0.8963333368301392,0.2884441018104553,0.9026666879653931,0.28136926889419556,0.9213333129882812,0.23914098739624023,0.9426666498184204,0.17360760271549225,0.9053333401679993,0.29142242670059204,2.4364185333251953,0.7483870983123779,1.0182709693908691,0.977419376373291,0.1385093629360199,0.8693548440933228,0.33696284890174866,0.8854838609695435,0.35734254121780396,0.9177419543266296,0.2864202558994293,0.9177419543266296,0.2760241627693176,0.89838707447052,0.33877721428871155,2.7523069381713867
27,0.7053333520889282,0.9309006333351135,0.956333339214325,0.12517715990543365,0.8976666927337646,0.29243290424346924,0.8980000019073486,0.29237818717956543,0.9356666803359985,0.20169197022914886,0.9419999718666077,0.1772589385509491,0.9150000214576721,0.26010602712631226,2.2799460887908936,0.7580645084381104,0.8984168171882629,0.9790322780609131,0.1230175644159317,0.8999999761581421,0.27531054615974426,0.9016128778457642,0.32483112812042236,0.9225806593894958,0.2832227051258087,0.9193548560142517,0.24849218130111694,0.896774172782898,0.3374859094619751,2.490776538848877
28,0.7146666646003723,0.8910729289054871,0.9613333344459534,0.11613881587982178,0.8943333625793457,0.291946679353714,0.9126666784286499,0.2589136064052582,0.9386666417121887,0.19056524336338043,0.9443333148956299,0.16306215524673462,0.9183333516120911,0.2524455189704895,2.16414475440979,0.7870967984199524,0.8445202112197876,0.977419376373291,0.12865392863750458,0.9080645442008972,0.24151146411895752,0.8919354677200317,0.3142187297344208,0.9274193644523621,0.264229416847229,0.9322580695152283,0.25116127729415894,0.9080645442008972,0.33425500988960266,2.378549814224243
29,0.718666672706604,0.9049693942070007,0.9696666598320007,0.09574996680021286,0.9036666750907898,0.2804291844367981,0.9176666736602783,0.24961663782596588,0.9393333196640015,0.18486295640468597,0.9506666660308838,0.15243281424045563,0.9096666574478149,0.2695870101451874,2.1376473903656006,0.801612913608551,0.8297300338745117,0.9790322780609131,0.13063855469226837,0.9209677577018738,0.22610387206077576,0.8999999761581421,0.30500251054763794,0.9241935610771179,0.25998276472091675,0.9306451678276062,0.2426581084728241,0.9048386812210083,0.3296937346458435,2.3238096237182617
30,0.7319999933242798,0.8386393189430237,0.9646666646003723,0.10800575464963913,0.9163333177566528,0.255673348903656,0.909333348274231,0.2644479274749756,0.9383333325386047,0.1723262369632721,0.9553333520889282,0.14672382175922394,0.9259999990463257,0.22710439562797546,2.01292085647583,0.75,0.9581616520881653,0.9564515948295593,0.16390718519687653,0.9064516425132751,0.2643306851387024,0.8999999761581421,0.3399149179458618,0.9209677577018738,0.24227675795555115,0.9290322661399841,0.26221275329589844,0.89838707447052,0.37997668981552124,2.610781669616699
31,0.7336666584014893,0.8083956837654114,0.9643333554267883,0.10309116542339325,0.9053333401679993,0.27415668964385986,0.9143333435058594,0.24926656484603882,0.9419999718666077,0.17675775289535522,0.9599999785423279,0.13279619812965393,0.9240000247955322,0.23762261867523193,1.982087254524231,0.7903226017951965,0.8631641268730164,0.9629032015800476,0.1593681424856186,0.9112903475761414,0.23804444074630737,0.9080645442008972,0.3131392300128937,0.9322580695152283,0.2607885003089905,0.9322580695152283,0.2467392235994339,0.9112903475761414,0.3164824843406677,2.39772629737854
32,0.7436666488647461,0.7867797613143921,0.9663333296775818,0.0999702736735344,0.9166666865348816,0.24143485724925995,0.9229999780654907,0.2249261438846588,0.940666675567627,0.19069771468639374,0.9589999914169312,0.12520834803581238,0.9323333501815796,0.20494769513607025,1.8739655017852783,0.800000011920929,0.8669891357421875,0.9677419066429138,0.13549567759037018,0.9193548560142517,0.22715520858764648,0.89838707447052,0.32025519013404846,0.9354838728904724,0.249088317155838,0.9387096762657166,0.2456376552581787,0.9096774458885193,0.3360222280025482,2.380643606185913
33,0.7456666827201843,0.789860188961029,0.9610000252723694,0.1179194301366806,0.9103333353996277,0.2552526593208313,0.9200000166893005,0.2281142771244049,0.9486666917800903,0.15984448790550232,0.9606666564941406,0.1186201199889183,0.9326666593551636,0.2010517418384552,1.8706620931625366,0.7790322303771973,0.8655840754508972,0.977419376373291,0.12093263119459152,0.9274193644523621,0.20561160147190094,0.9032257795333862,0.2749561071395874,0.92580646276474,0.2610943019390106,0.9370967745780945,0.24328623712062836,0.9177419543266296,0.31282442808151245,2.284289598464966
34,0.7570000290870667,0.750997006893158,0.9683333039283752,0.0988074317574501,0.9226666688919067,0.22176504135131836,0.9200000166893005,0.22837914526462555,0.9416666626930237,0.1634933203458786,0.9546666741371155,0.1292610913515091,0.9233333468437195,0.2154088318347931,1.8081117868423462,0.8096774220466614,0.7552959322929382,0.9806451797485352,0.12421783804893494,0.9129032492637634,0.21862442791461945,0.9112903475761414,0.27596035599708557,0.9370967745780945,0.2444521188735962,0.9387096762657166,0.23556922376155853,0.9145161509513855,0.3454739451408386,2.1995937824249268
35,0.7746666669845581,0.7215092778205872,0.9666666388511658,0.08725912123918533,0.925000011920929,0.21203473210334778,0.9363333582878113,0.20202982425689697,0.9483333230018616,0.1636611968278885,0.9606666564941406,0.1179102286696434,0.9356666803359985,0.2026921659708023,1.7070971727371216,0.7967742085456848,0.8484023809432983,0.9677419066429138,0.14852264523506165,0.9064516425132751,0.2511206865310669,0.9016128778457642,0.2706040143966675,0.9274193644523621,0.24415147304534912,0.9419354796409607,0.2230825424194336,0.9193548560142517,0.30804523825645447,2.293929100036621
36,0.7753333449363708,0.7090993523597717,0.9710000157356262,0.08447739481925964,0.9259999990463257,0.20722094178199768,0.9296666383743286,0.19260792434215546,0.9520000219345093,0.13587604463100433,0.9636666774749756,0.10645489394664764,0.9336666464805603,0.2032577097415924,1.6389944553375244,0.7983871102333069,0.7731793522834778,0.9693548679351807,0.1391913890838623,0.92580646276474,0.20752659440040588,0.9080645442008972,0.25714418292045593,0.9387096762657166,0.2307289093732834,0.9451612830162048,0.18763497471809387,0.9145161509513855,0.28730693459510803,2.082712411880493
37,0.7799999713897705,0.6759980916976929,0.9736666679382324,0.07336165010929108,0.9273333549499512,0.20443502068519592,0.9306666851043701,0.2013942003250122,0.9506666660308838,0.14621682465076447,0.956333339214325,0.1246885135769844,0.9380000233650208,0.19273191690444946,1.6188263893127441,0.8112903237342834,0.7594895958900452,0.9709677696228027,0.14022119343280792,0.9274193644523621,0.2111649364233017,0.9080645442008972,0.28819605708122253,0.9338709712028503,0.20695710182189941,0.9467741847038269,0.19883710145950317,0.9193548560142517,0.31705790758132935,2.1219239234924316
38,0.7766666412353516,0.7243296504020691,0.9706666469573975,0.08446389436721802,0.9263333082199097,0.21296803653240204,0.9330000281333923,0.1918272227048874,0.95333331823349,0.13991351425647736,0.965666651725769,0.10293785482645035,0.9383333325386047,0.18705327808856964,1.6434937715530396,0.8258064389228821,0.7448886632919312,0.977419376373291,0.14156638085842133,0.9322580695152283,0.19204412400722504,0.9209677577018738,0.24831005930900574,0.9435483813285828,0.20518828928470612,0.949999988079071,0.18877585232257843,0.9209677577018738,0.2921861708164215,2.0129594802856445
39,0.7889999747276306,0.650365948677063,0.9750000238418579,0.0741584450006485,0.9319999814033508,0.1925286203622818,0.9386666417121887,0.19008007645606995,0.9536666870117188,0.13257183134555817,0.9700000286102295,0.08436520397663116,0.9363333582878113,0.18751145899295807,1.5115818977355957,0.8193548321723938,0.7386272549629211,0.9790322780609131,0.12883122265338898,0.9306451678276062,0.19429633021354675,0.9177419543266296,0.26306232810020447,0.9419354796409607,0.191343292593956,0.9419354796409607,0.19825412333011627,0.9145161509513855,0.31194835901260376,2.0263633728027344
40,0.7953333258628845,0.6391494274139404,0.972000002861023,0.08199028670787811,0.9446666836738586,0.16696491837501526,0.9436666369438171,0.17370975017547607,0.9553333520889282,0.13720044493675232,0.9660000205039978,0.11230774968862534,0.9383333325386047,0.19251644611358643,1.5038385391235352,0.853225827217102,0.651067852973938,0.9838709831237793,0.11466528475284576,0.9225806593894958,0.20692047476768494,0.9161290526390076,0.27255040407180786,0.9467741847038269,0.21105875074863434,0.9532257914543152,0.18683217465877533,0.9080645442008972,0.3111793100833893,1.95427405834198
41,0.8019999861717224,0.5837817788124084,0.9763333201408386,0.07382186502218246,0.9390000104904175,0.1974395513534546,0.9466666579246521,0.15845809876918793,0.9559999704360962,0.1202341690659523,0.9703333377838135,0.09074760973453522,0.9423333406448364,0.16577573120594025,1.3902586698532104,0.8338709473609924,0.7335529923439026,0.9822580814361572,0.12103156745433807,0.9193548560142517,0.21352893114089966,0.9096774458885193,0.26895254850387573,0.9467741847038269,0.18830038607120514,0.949999988079071,0.18868662416934967,0.9161290526390076,0.32555443048477173,2.039607286453247
42,0.8133333325386047,0.5973326563835144,0.9756666421890259,0.07383885979652405,0.9350000023841858,0.17901615798473358,0.9413333535194397,0.1737435758113861,0.9506666660308838,0.12986010313034058,0.9710000157356262,0.09931878745555878,0.9396666884422302,0.18725179135799408,1.4403618574142456,0.8290322422981262,0.7161937355995178,0.9822580814361572,0.12603607773780823,0.9322580695152283,0.18291084468364716,0.9193548560142517,0.2548888623714447,0.9516128897666931,0.19138038158416748,0.9548386931419373,0.1743198186159134,0.9080645442008972,0.3577239513397217,2.0034537315368652
43,0.8063333630561829,0.6131380200386047,0.9756666421890259,0.06630798429250717,0.940666675567627,0.1842545121908188,0.9396666884422302,0.17062117159366608,0.9623333215713501,0.1182180792093277,0.9700000286102295,0.08971767872571945,0.9433333277702332,0.1699691265821457,1.4122262001037598,0.8274193406105042,0.7401808500289917,0.9838709831237793,0.12065283209085464,0.9370967745780945,0.1824367344379425,0.9225806593894958,0.24566639959812164,0.9548386931419373,0.16925539076328278,0.9451612830162048,0.1925162971019745,0.9129032492637634,0.33454281091690063,1.9852513074874878
44,0.8180000185966492,0.5601952075958252,0.9800000190734863,0.06026340276002884,0.9449999928474426,0.16097377240657806,0.940666675567627,0.1664755493402481,0.9653333425521851,0.11368955671787262,0.9676666855812073,0.09197606146335602,0.9476666450500488,0.1653209924697876,1.3188939094543457,0.8483871221542358,0.6615099310874939,0.9822580814361572,0.1117587685585022,0.9322580695152283,0.19789278507232666,0.9209677577018738,0.23867836594581604,0.9451612830162048,0.1935686320066452,0.9516128897666931,0.19135655462741852,0.9129032492637634,0.3110722303390503,1.9058371782302856
45,0.8273333311080933,0.557015597820282,0.9789999723434448,0.06353478133678436,0.9353333115577698,0.17132990062236786,0.9470000267028809,0.16119244694709778,0.9603333473205566,0.12402277439832687,0.9729999899864197,0.07951544970273972,0.9433333277702332,0.16660571098327637,1.3232170343399048,0.8500000238418579,0.6601178646087646,0.975806474685669,0.13385972380638123,0.9354838728904724,0.18411429226398468,0.9274193644523621,0.21407143771648407,0.9548386931419373,0.16856753826141357,0.9467741847038269,0.19167858362197876,0.9177419543266296,0.2923557162284851,1.8447651863098145
46,0.8353333473205566,0.5181306004524231,0.9789999723434448,0.06770424544811249,0.9386666417121887,0.1750999540090561,0.9480000138282776,0.14497970044612885,0.9673333168029785,0.09787986427545547,0.9733333587646484,0.08264300227165222,0.953000009059906,0.14762142300605774,1.2340593338012695,0.8419354557991028,0.739351212978363,0.9870967864990234,0.1091039851307869,0.9209677577018738,0.19931133091449738,0.9387096762657166,0.21461687982082367,0.9467741847038269,0.18261058628559113,0.949999988079071,0.20749548077583313,0.9193548560142517,0.3064994215965271,1.958989143371582
47,0.8326666951179504,0.5490980744361877,0.9779999852180481,0.05984137952327728,0.9369999766349792,0.1839611977338791,0.9463333487510681,0.15180926024913788,0.9633333086967468,0.10457059741020203,0.9729999899864197,0.08199329674243927,0.9509999752044678,0.14956924319267273,1.2808433771133423,0.8354838490486145,0.7829160094261169,0.977419376373291,0.14032475650310516,0.9209677577018738,0.20674900710582733,0.9306451678276062,0.20913438498973846,0.949999988079071,0.19048665463924408,0.9467741847038269,0.20390062034130096,0.9193548560142517,0.31770414113998413,2.051215648651123
48,0.8303333520889282,0.5413258671760559,0.9789999723434448,0.06273240596055984,0.9413333535194397,0.1762310117483139,0.9506666660308838,0.14348675310611725,0.9616666436195374,0.11159195750951767,0.9800000190734863,0.07019118964672089,0.9520000219345093,0.14686204493045807,1.252421259880066,0.8483871221542358,0.6364030838012695,0.9870967864990234,0.10138269513845444,0.9403225779533386,0.16380919516086578,0.9306451678276062,0.20444530248641968,0.9532257914543152,0.1534457504749298,0.9548386931419373,0.17770710587501526,0.9241935610771179,0.27385106682777405,1.711044430732727
49,0.8446666598320007,0.4903094470500946,0.9773333072662354,0.06871679425239563,0.9369999766349792,0.18166959285736084,0.9580000042915344,0.12034568935632706,0.9670000076293945,0.10467812418937683,0.981333315372467,0.062324248254299164,0.95333331823349,0.14801247417926788,1.1760563850402832,0.8483871221542358,0.7189160585403442,0.9838709831237793,0.12795567512512207,0.9403225779533386,0.17540530860424042,0.9370967745780945,0.23838791251182556,0.9580644965171814,0.1789209246635437,0.9580644965171814,0.19816039502620697,0.9338709712028503,0.26638251543045044,1.9041285514831543
50,0.843999981880188,0.47348180413246155,0.9776666760444641,0.06711754202842712,0.9456666707992554,0.15968802571296692,0.9549999833106995,0.13229569792747498,0.9646666646003723,0.10663396120071411,0.9763333201408386,0.06945495307445526,0.9523333311080933,0.1477569043636322,1.1564288139343262,0.8580645322799683,0.6706988215446472,0.9838709831237793,0.133914977312088,0.9451612830162048,0.16391563415527344,0.9370967745780945,0.21030853688716888,0.9629032015800476,0.15792080760002136,0.9467741847038269,0.21932478249073029,0.92580646276474,0.30950161814689636,1.8655855655670166
51,0.8463333249092102,0.4840260148048401,0.9829999804496765,0.05880751088261604,0.9419999718666077,0.15279629826545715,0.953000009059906,0.14543695747852325,0.9643333554267883,0.10380924493074417,0.9733333587646484,0.08001507073640823,0.949999988079071,0.13991154730319977,1.1648027896881104,0.8612903356552124,0.6348947882652283,0.977419376373291,0.1404365450143814,0.9451612830162048,0.16594749689102173,0.9306451678276062,0.23337014019489288,0.949999988079071,0.1826469898223877,0.949999988079071,0.1996452510356903,0.9322580695152283,0.29681599140167236,1.8537567853927612
52,0.856333315372467,0.4479912519454956,0.9779999852180481,0.06441926211118698,0.9553333520889282,0.13139823079109192,0.9543333053588867,0.13046108186244965,0.9693333506584167,0.09716439992189407,0.9753333330154419,0.07108171284198761,0.9553333520889282,0.1345597505569458,1.0770752429962158,0.8677419424057007,0.6673924326896667,0.9854838848114014,0.11780043691396713,0.9516128897666931,0.14713212847709656,0.9403225779533386,0.20068080723285675,0.9548386931419373,0.16326121985912323,0.9548386931419373,0.17382848262786865,0.9241935610771179,0.2699366509914398,1.7400321960449219
53,0.8486666679382324,0.47121956944465637,0.9796666502952576,0.06630132347345352,0.9509999752044678,0.15290836989879608,0.9539999961853027,0.13435256481170654,0.9710000157356262,0.09099406003952026,0.9750000238418579,0.07160064578056335,0.95333331823349,0.1448240876197815,1.132201075553894,0.8596774339675903,0.7305258512496948,0.9822580814361572,0.14671176671981812,0.9435483813285828,0.1753389686346054,0.9306451678276062,0.22271354496479034,0.9451612830162048,0.23105157911777496,0.9532257914543152,0.22706925868988037,0.92580646276474,0.3073560893535614,2.040766716003418
54,0.8696666955947876,0.41550499200820923,0.972000002861023,0.07479742169380188,0.9470000267028809,0.14705540239810944,0.956333339214325,0.13060858845710754,0.9646666646003723,0.09058628231287003,0.9763333201408386,0.07185792922973633,0.9523333311080933,0.1279316544532776,1.0583422183990479,0.8564516305923462,0.7012059092521667,0.977419376373291,0.16251836717128754,0.9419354796409607,0.1595415472984314,0.9322580695152283,0.21363592147827148,0.9580644965171814,0.173309788107872,0.949999988079071,0.20297671854496002,0.92580646276474,0.3009225130081177,1.9141108989715576
55,0.8523333072662354,0.46966561675071716,0.9729999899864197,0.07535088807344437,0.9483333230018616,0.13576599955558777,0.9516666531562805,0.1471181958913803,0.971666693687439,0.08936270326375961,0.9756666421890259,0.07129082828760147,0.9513333439826965,0.13989898562431335,1.1284533739089966,0.8693548440933228,0.5897873640060425,0.9822580814361572,0.13953395187854767,0.9467741847038269,0.16135476529598236,0.9338709712028503,0.20362979173660278,0.9612902998924255,0.1586175560951233,0.948387086391449,0.1909051090478897,0.9241935610771179,0.28285375237464905,1.726682424545288
56,0.8539999723434448,0.448662668466568,0.9816666841506958,0.054372213780879974,0.9633333086967468,0.10853323340415955,0.9649999737739563,0.10852764546871185,0.9746666550636292,0.08011490851640701,0.9773333072662354,0.06660374253988266,0.9589999914169312,0.12823961675167084,0.9950539469718933,0.8790322542190552,0.5673653483390808,0.9806451797485352,0.13093097507953644,0.9516128897666931,0.14917993545532227,0.9290322661399841,0.19401511549949646,0.9612902998924255,0.14531630277633667,0.9629032015800476,0.16233864426612854,0.92580646276474,0.2567223906517029,1.6058688163757324
57,0.8616666793823242,0.4336896240711212,0.9816666841506958,0.06001734361052513,0.9613333344459534,0.11322789639234543,0.9663333296775818,0.11888416856527328,0.9700000286102295,0.09232409298419952,0.9769999980926514,0.06631473451852798,0.9606666564941406,0.11741197854280472,1.0018699169158936,0.89838707447052,0.5671967267990112,0.9822580814361572,0.13391856849193573,0.949999988079071,0.15407943725585938,0.9435483813285828,0.16615331172943115,0.9596773982048035,0.1430480182170868,0.9661290049552917,0.1709558069705963,0.9306451678276062,0.27403852343559265,1.609390377998352
58,0.8740000128746033,0.3976850211620331,0.9829999804496765,0.05192101001739502,0.9509999752044678,0.13948701322078705,0.9593333601951599,0.10971364378929138,0.9793333411216736,0.06500615179538727,0.9763333201408386,0.06850866973400116,0.9549999833106995,0.1295495480298996,0.9618708491325378,0.8677419424057007,0.659416913986206,0.977419376373291,0.14404405653476715,0.948387086391449,0.14605940878391266,0.9403225779533386,0.18676771223545074,0.9532257914543152,0.18884587287902832,0.9645161032676697,0.17797139286994934,0.9370967745780945,0.27917754650115967,1.782282829284668
59,0.8683333396911621,0.4122794568538666,0.9853333234786987,0.048646118491888046,0.9553333520889282,0.1266900599002838,0.9603333473205566,0.11309269070625305,0.9723333120346069,0.07314901798963547,0.9836666584014893,0.048303309828042984,0.9616666436195374,0.11677642166614532,0.9389376044273376,0.874193549156189,0.6537485718727112,0.9806451797485352,0.1448880434036255,0.9467741847038269,0.15045982599258423,0.9435483813285828,0.19268673658370972,0.9629032015800476,0.16992928087711334,0.9629032015800476,0.15253499150276184,0.9322580695152283,0.2658049166202545,1.7300524711608887
60,0.8726666569709778,0.40653449296951294,0.9776666760444641,0.06378298252820969,0.9633333086967468,0.1103103756904602,0.9616666436195374,0.11758862435817719,0.9756666421890259,0.07783844321966171,0.9800000190734863,0.05992404744029045,0.9586666822433472,0.12121693789958954,0.9571958780288696,0.8887096643447876,0.6106408834457397,0.9838709831237793,0.1304168403148651,0.9435483813285828,0.16351895034313202,0.9403225779533386,0.19641713798046112,0.9629032015800476,0.15665030479431152,0.9612902998924255,0.18305081129074097,0.92580646276474,0.2930068373680115,1.7337015867233276
61,0.8733333349227905,0.4002947211265564,0.9819999933242798,0.04887242615222931,0.9586666822433472,0.13028499484062195,0.9636666774749756,0.1097688376903534,0.9779999852180481,0.07090382277965546,0.9810000061988831,0.055604975670576096,0.9566666483879089,0.12572596967220306,0.9414557218551636,0.8677419424057007,0.693343997001648,0.9838709831237793,0.13830704987049103,0.9435483813285828,0.15633702278137207,0.9451612830162048,0.17974746227264404,0.9645161032676697,0.14379338920116425,0.9564515948295593,0.19231240451335907,0.9274193644523621,0.2901301980018616,1.7939716577529907
62,0.875,0.3926829397678375,0.9789999723434448,0.061422210186719894,0.9586666822433472,0.12182439863681793,0.9663333296775818,0.10196738690137863,0.9769999980926514,0.07645923644304276,0.9829999804496765,0.049716267734766006,0.9596666693687439,0.12221942842006683,0.9262917637825012,0.8854838609695435,0.6026037931442261,0.9822580814361572,0.13546501100063324,0.9532257914543152,0.12471646070480347,0.9451612830162048,0.19452692568302155,0.9580644965171814,0.15246205031871796,0.9629032015800476,0.17622502148151398,0.9306451678276062,0.26238033175468445,1.6483795642852783
63,0.8759999871253967,0.3904435336589813,0.9746666550636292,0.06795254349708557,0.9573333263397217,0.1247488334774971,0.9649999737739563,0.10831929743289948,0.9746666550636292,0.08089015632867813,0.9810000061988831,0.05838734284043312,0.965666651725769,0.0949363112449646,0.9256781339645386,0.8870967626571655,0.6037103533744812,0.9790322780609131,0.14122410118579865,0.9532257914543152,0.15694677829742432,0.9435483813285828,0.1882247030735016,0.9645161032676697,0.15090113878250122,0.9645161032676697,0.1716877967119217,0.9306451678276062,0.29410871863365173,1.706803798675537
64,0.8686666488647461,0.408567875623703,0.9793333411216736,0.053043264895677567,0.9596666693687439,0.12683996558189392,0.9670000076293945,0.10389667004346848,0.9706666469573975,0.08291008323431015,0.9786666631698608,0.06327246129512787,0.9629999995231628,0.10873666405677795,0.9472667574882507,0.8887096643447876,0.6158915162086487,0.9806451797485352,0.14725527167320251,0.9548386931419373,0.11968757957220078,0.9467741847038269,0.19072216749191284,0.9645161032676697,0.14283525943756104,0.9661290049552917,0.16386964917182922,0.9274193644523621,0.28389987349510193,1.6641615629196167
65,0.8799999952316284,0.37074628472328186,0.9803333282470703,0.0516563355922699,0.9616666436195374,0.12055367231369019,0.9683333039283752,0.0994490385055542,0.9773333072662354,0.06621279567480087,0.984666645526886,0.0565488375723362,0.9610000252723694,0.12297528237104416,0.8881422281265259,0.896774172782898,0.5768647789955139,0.9887096881866455,0.13597938418388367,0.9596773982048035,0.1240723505616188,0.9403225779533386,0.18516454100608826,0.9645161032676697,0.15075604617595673,0.9661290049552917,0.15496066212654114,0.9403225779533386,0.2630321979522705,1.5908299684524536
66,0.8956666588783264,0.3323788046836853,0.9850000143051147,0.04359111934900284,0.9636666774749756,0.10441909730434418,0.9696666598320007,0.0916096568107605,0.9769999980926514,0.06967960298061371,0.9800000190734863,0.05681668967008591,0.9606666564941406,0.11234790086746216,0.8108428716659546,0.8919354677200317,0.5814294815063477,0.9854838848114014,0.1445728987455368,0.9580644965171814,0.11522089689970016,0.9338709712028503,0.20809540152549744,0.9693548679351807,0.16063594818115234,0.9693548679351807,0.1466812640428543,0.9370967745780945,0.260591983795166,1.6172277927398682
67,0.9010000228881836,0.3130226135253906,0.9810000061988831,0.04955897480249405,0.9603333473205566,0.11324433237314224,0.9679999947547913,0.09025575965642929,0.9816666841506958,0.058699630200862885,0.987666666507721,0.04030231013894081,0.9670000076293945,0.1067272201180458,0.7718108892440796,0.8790322542190552,0.6648579239845276,0.9838709831237793,0.1502217799425125,0.9548386931419373,0.12292435020208359,0.9403225779533386,0.22190389037132263,0.9645161032676697,0.16018252074718475,0.9725806713104248,0.15643072128295898,0.9435483813285828,0.25585731863975525,1.7323781251907349
68,0.8949999809265137,0.3472231328487396,0.984000027179718,0.045089054852724075,0.9653333425521851,0.1069977730512619,0.9646666646003723,0.09452900290489197,0.981333315372467,0.05538841336965561,0.9850000143051147,0.04107259213924408,0.9710000157356262,0.08900822699069977,0.7793084979057312,0.8935483694076538,0.635229766368866,0.9822580814361572,0.14365990459918976,0.9612902998924255,0.12471552193164825,0.9451612830162048,0.19742350280284882,0.9645161032676697,0.17690324783325195,0.9516128897666931,0.19945088028907776,0.9403225779533386,0.2906271517276764,1.768009901046753
69,0.8820000290870667,0.34245654940605164,0.9850000143051147,0.04438992217183113,0.9593333601951599,0.10757086426019669,0.9736666679382324,0.08572914451360703,0.9786666631698608,0.05705714970827103,0.9773333072662354,0.060119640082120895,0.9676666855812073,0.0898074135184288,0.7871304750442505,0.8838709592819214,0.6423625349998474,0.9887096881866455,0.12626807391643524,0.9709677696228027,0.10998412221670151,0.948387086391449,0.16282355785369873,0.9677419066429138,0.14200711250305176,0.9677419066429138,0.151305690407753,0.9338709712028503,0.30195096135139465,1.636702060699463
70,0.890666663646698,0.3254839777946472,0.984333336353302,0.04535726085305214,0.9649999737739563,0.11225667595863342,0.9739999771118164,0.08689949661493301,0.9763333201408386,0.0716828927397728,0.9866666793823242,0.041256602853536606,0.9629999995231628,0.11668666452169418,0.7996236681938171,0.8854838609695435,0.6202365756034851,0.9854838848114014,0.12432047724723816,0.9548386931419373,0.14565755426883698,0.949999988079071,0.1408342868089676,0.9661290049552917,0.1339806765317917,0.9725806713104248,0.1352742612361908,0.9322580695152283,0.289344847202301,1.5896486043930054
71,0.9049999713897705,0.32565194368362427,0.984333336353302,0.04081709682941437,0.9653333425521851,0.09289483726024628,0.9696666598320007,0.09405505657196045,0.9779999852180481,0.06616982817649841,0.9829999804496765,0.04712679982185364,0.968666672706604,0.0993635281920433,0.7660792469978333,0.8870967626571655,0.6451133489608765,0.9887096881866455,0.13310401141643524,0.9548386931419373,0.1403207927942276,0.9467741847038269,0.1661388874053955,0.9693548679351807,0.14202278852462769,0.9661290049552917,0.1457747220993042,0.9370967745780945,0.27608752250671387,1.6485621929168701
72,0.9013333320617676,0.3144800066947937,0.9833333492279053,0.04875607788562775,0.968666672706604,0.08227396756410599,0.9706666469573975,0.08774862438440323,0.9816666841506958,0.058559224009513855,0.9856666922569275,0.0466916598379612,0.9766666889190674,0.07661788910627365,0.71512770652771,0.8999999761581421,0.6036978363990784,0.9854838848114014,0.12354627996683121,0.9548386931419373,0.13160690665245056,0.9467741847038269,0.18611614406108856,0.9629032015800476,0.16999532282352448,0.9661290049552917,0.15946537256240845,0.9306451678276062,0.27787405252456665,1.6523020267486572
73,0.8976666927337646,0.3006385266780853,0.984333336353302,0.048809416592121124,0.968666672706604,0.09460950642824173,0.9706666469573975,0.08904840052127838,0.9829999804496765,0.055713627487421036,0.9836666584014893,0.05237174034118652,0.9653333425521851,0.0993490219116211,0.7405404448509216,0.9080645442008972,0.5578100681304932,0.9903225898742676,0.13373667001724243,0.9596773982048035,0.11480588465929031,0.9548386931419373,0.17582981288433075,0.9693548679351807,0.13277208805084229,0.975806474685669,0.13072870671749115,0.9370967745780945,0.2760504484176636,1.5217336416244507
74,0.8889999985694885,0.336821585893631,0.9829999804496765,0.050315842032432556,0.9646666646003723,0.10749438405036926,0.9729999899864197,0.08439059555530548,0.9816666841506958,0.04883641004562378,0.9863333106040955,0.040132880210876465,0.9633333086967468,0.10028132796287537,0.7682734131813049,0.9112903475761414,0.5832077860832214,0.9870967864990234,0.14204879105091095,0.9693548679351807,0.11471287906169891,0.9435483813285828,0.18024568259716034,0.9677419066429138,0.12865225970745087,0.9741935729980469,0.12477553635835648,0.9419354796409607,0.2701151669025421,1.5437579154968262
75,0.8916666507720947,0.34850507974624634,0.984333336353302,0.04708408936858177,0.9683333039283752,0.09033504128456116,0.9676666855812073,0.11166946589946747,0.9753333330154419,0.0667371079325676,0.9826666712760925,0.04866454750299454,0.9670000076293945,0.09370105713605881,0.8066962957382202,0.8951612710952759,0.5698508024215698,0.9838709831237793,0.13956306874752045,0.9596773982048035,0.12128029763698578,0.9596773982048035,0.16772492229938507,0.9693548679351807,0.12623387575149536,0.975806474685669,0.133119136095047,0.9435483813285828,0.2669466733932495,1.5247188806533813
76,0.8986666798591614,0.3094717264175415,0.9829999804496765,0.04970639571547508,0.9593333601951599,0.10593202710151672,0.9710000157356262,0.08956209570169449,0.9793333411216736,0.06553302705287933,0.9829999804496765,0.05188773572444916,0.9713333249092102,0.0862753614783287,0.7583684921264648,0.8774193525314331,0.6865976452827454,0.9822580814361572,0.1448388546705246,0.9580644965171814,0.13863980770111084,0.9532257914543152,0.15911437571048737,0.9645161032676697,0.15966206789016724,0.9725806713104248,0.12333068996667862,0.9306451678276062,0.26886695623397827,1.6810507774353027
77,0.9020000100135803,0.29964980483055115,0.987666666507721,0.03364133834838867,0.9683333039283752,0.10072068125009537,0.9729999899864197,0.08257205039262772,0.9826666712760925,0.053394317626953125,0.9816666841506958,0.05263965204358101,0.9700000286102295,0.08998560905456543,0.7126035690307617,0.8790322542190552,0.6412696242332458,0.9854838848114014,0.13620337843894958,0.9645161032676697,0.1286741942167282,0.9612902998924255,0.13453112542629242,0.9693548679351807,0.13280285894870758,0.9741935729980469,0.1285022497177124,0.9419354796409607,0.25307145714759827,1.555054783821106
78,0.9120000004768372,0.27838534116744995,0.9860000014305115,0.03652666136622429,0.9623333215713501,0.11212906986474991,0.9750000238418579,0.07453110069036484,0.9836666584014893,0.05217478424310684,0.9856666922569275,0.043733738362789154,0.9696666598320007,0.08805631846189499,0.6855370402336121,0.8999999761581421,0.6001045107841492,0.9854838848114014,0.1369287669658661,0.9580644965171814,0.12668238580226898,0.9580644965171814,0.16615673899650574,0.9693548679351807,0.13038715720176697,0.9709677696228027,0.13797414302825928,0.9451612830162048,0.2512581944465637,1.5494917631149292
79,0.9126666784286499,0.2803153097629547,0.9890000224113464,0.039988212287425995,0.968666672706604,0.09859305620193481,0.9746666550636292,0.07491479814052582,0.9769999980926514,0.06493072956800461,0.9823333621025085,0.046784285455942154,0.9706666469573975,0.088964082300663,0.694490373134613,0.8919354677200317,0.6370231509208679,0.9838709831237793,0.149143248796463,0.9516128897666931,0.12510764598846436,0.9532257914543152,0.15794001519680023,0.9693548679351807,0.135548397898674,0.9725806713104248,0.15368938446044922,0.9419354796409607,0.2532486021518707,1.611700415611267
80,0.9100000262260437,0.2694634199142456,0.984333336353302,0.04381474480032921,0.9653333425521851,0.09946564584970474,0.9739999771118164,0.07797647267580032,0.9819999933242798,0.05429161712527275,0.9826666712760925,0.047293178737163544,0.9746666550636292,0.07903588563203812,0.671341061592102,0.8999999761581421,0.604840099811554,0.9838709831237793,0.14137767255306244,0.9661290049552917,0.1234031543135643,0.9564515948295593,0.1519775390625,0.9677419066429138,0.1408374309539795,0.9677419066429138,0.13671211898326874,0.9419354796409607,0.2524588406085968,1.5516067743301392
81,0.9143333435058594,0.270465612411499,0.9900000095367432,0.03493659198284149,0.9726666808128357,0.07932506501674652,0.9733333587646484,0.08277065306901932,0.9836666584014893,0.0540836825966835,0.9879999756813049,0.04185951128602028,0.9736666679382324,0.08065207302570343,0.6440932750701904,0.9048386812210083,0.6458049416542053,0.9870967864990234,0.13673308491706848,0.9629032015800476,0.128256157040596,0.9516128897666931,0.15909290313720703,0.9709677696228027,0.12882789969444275,0.9693548679351807,0.14026278257369995,0.9435483813285828,0.2528231739997864,1.5918008089065552
82,0.9116666913032532,0.30070459842681885,0.9866666793823242,0.04056882485747337,0.9676666855812073,0.11052499711513519,0.9776666760444641,0.07562430948019028,0.9803333282470703,0.060456808656454086,0.9850000143051147,0.05721614137291908,0.9726666808128357,0.09571127593517303,0.740807294845581,0.9032257795333862,0.5902869701385498,0.9838709831237793,0.13791854679584503,0.9677419066429138,0.11204689741134644,0.9629032015800476,0.11995213478803635,0.9725806713104248,0.1281883418560028,0.9725806713104248,0.13757899403572083,0.9403225779533386,0.24715359508991241,1.4731253385543823
83,0.9153333306312561,0.2686830759048462,0.9853333234786987,0.04144304245710373,0.9696666598320007,0.0843360498547554,0.9743333458900452,0.07606595754623413,0.984333336353302,0.04660748690366745,0.9886666536331177,0.03804009035229683,0.9696666598320007,0.08332528918981552,0.6385011672973633,0.9096774458885193,0.5770393013954163,0.9838709831237793,0.13657253980636597,0.9725806713104248,0.09041235595941544,0.9645161032676697,0.12959976494312286,0.9693548679351807,0.11104576289653778,0.9725806713104248,0.1189226359128952,0.9451612830162048,0.23911571502685547,1.4027079343795776
84,0.9183333516120911,0.24450236558914185,0.9879999756813049,0.032519590109586716,0.9729999899864197,0.0789092555642128,0.9779999852180481,0.06615135073661804,0.9860000014305115,0.040051765739917755,0.9890000224113464,0.029816392809152603,0.972000002861023,0.07531757652759552,0.5672682523727417,0.89838707447052,0.6098360419273376,0.9887096881866455,0.1396373063325882,0.9580644965171814,0.16121026873588562,0.9548386931419373,0.15335515141487122,0.9709677696228027,0.11940237134695053,0.9645161032676697,0.14920316636562347,0.9516128897666931,0.2669411897659302,1.5995852947235107
85,0.9246666431427002,0.26090916991233826,0.987333357334137,0.03843509778380394,0.9776666760444641,0.06318806856870651,0.9739999771118164,0.08160071820020676,0.987666666507721,0.03785490244626999,0.987333357334137,0.03908063843846321,0.9773333072662354,0.06274336576461792,0.5838119983673096,0.9064516425132751,0.5579211115837097,0.9870967864990234,0.12793414294719696,0.9693548679351807,0.12098712474107742,0.9516128897666931,0.14311884343624115,0.975806474685669,0.12529225647449493,0.9677419066429138,0.15060031414031982,0.9370967745780945,0.25640347599983215,1.48225736618042
86,0.9129999876022339,0.25480175018310547,0.9893333315849304,0.03393274173140526,0.9763333201408386,0.069097138941288,0.981333315372467,0.056218184530735016,0.9856666922569275,0.051546141505241394,0.987666666507721,0.03246419504284859,0.9746666550636292,0.07203662395477295,0.5700966715812683,0.8887096643447876,0.6825475096702576,0.9870967864990234,0.15343783795833588,0.9629032015800476,0.11899995058774948,0.9645161032676697,0.13785958290100098,0.9693548679351807,0.13439831137657166,0.9645161032676697,0.1505431830883026,0.9322580695152283,0.3086778521537781,1.6864639520645142
87,0.9023333191871643,0.29798293113708496,0.9860000014305115,0.038921110332012177,0.9710000157356262,0.08811312168836594,0.9746666550636292,0.07393334805965424,0.9866666793823242,0.04480874165892601,0.9913333058357239,0.032349444925785065,0.9766666889190674,0.0673743188381195,0.6434831023216248,0.9096774458885193,0.6054383516311646,0.9854838848114014,0.1368257999420166,0.9629032015800476,0.12382406741380692,0.9661290049552917,0.12460808455944061,0.977419376373291,0.10095333307981491,0.9806451797485352,0.1323016881942749,0.9467741847038269,0.25185126066207886,1.4758020639419556
88,0.9306666851043701,0.22898608446121216,0.9890000224113464,0.03473939001560211,0.9773333072662354,0.05972251296043396,0.9816666841506958,0.064290352165699,0.9863333106040955,0.033460453152656555,0.9883333444595337,0.02926352433860302,0.9763333201408386,0.06091371178627014,0.5113760828971863,0.8999999761581421,0.6055442094802856,0.9854838848114014,0.14445722103118896,0.9548386931419373,0.1503111571073532,0.9564515948295593,0.1309458315372467,0.977419376373291,0.111297607421875,0.9725806713104248,0.13715140521526337,0.948387086391449,0.2543780505657196,1.534085750579834
89,0.9236666560173035,0.2346162348985672,0.9886666536331177,0.029315391555428505,0.9729999899864197,0.07593683153390884,0.9769999980926514,0.06558641791343689,0.981333315372467,0.05303370580077171,0.9856666922569275,0.042756613343954086,0.971666693687439,0.08003068715333939,0.5812759399414062,0.9016128778457642,0.6079702377319336,0.9870967864990234,0.1358775943517685,0.9629032015800476,0.1268351823091507,0.9532257914543152,0.1372159719467163,0.977419376373291,0.09788192808628082,0.9677419066429138,0.15050508081912994,0.9451612830162048,0.2493879497051239,1.5056740045547485
90,0.9146666526794434,0.26281511783599854,0.9856666922569275,0.04379155859351158,0.972000002861023,0.08169513195753098,0.9763333201408386,0.06860417872667313,0.9883333444595337,0.042338866740465164,0.984333336353302,0.04071929305791855,0.9726666808128357,0.08186938613653183,0.6218333840370178,0.8806451559066772,0.6284680962562561,0.9838709831237793,0.15308856964111328,0.9741935729980469,0.1027105525135994,0.9564515948295593,0.169892355799675,0.9741935729980469,0.1278032660484314,0.9693548679351807,0.16670244932174683,0.9419354796409607,0.2943105101585388,1.6429756879806519
91,0.9263333082199097,0.23742972314357758,0.9893333315849304,0.027789771556854248,0.9673333168029785,0.09128041565418243,0.9776666760444641,0.07292745262384415,0.9890000224113464,0.033697452396154404,0.9886666536331177,0.029487652704119682,0.9746666550636292,0.06825246661901474,0.5608648657798767,0.9048386812210083,0.6346423625946045,0.9838709831237793,0.17700371146202087,0.9645161032676697,0.1280667781829834,0.9596773982048035,0.13998724520206451,0.9741935729980469,0.10650018602609634,0.9741935729980469,0.140630304813385,0.9370967745780945,0.2908676564693451,1.6176981925964355
92,0.9283333420753479,0.21022987365722656,0.9900000095367432,0.02836105041205883,0.9793333411216736,0.05844502151012421,0.984000027179718,0.051468148827552795,0.9909999966621399,0.02693108282983303,0.9936666488647461,0.01677795872092247,0.9743333458900452,0.06955809891223907,0.4617711305618286,0.9064516425132751,0.6079948544502258,0.9822580814361572,0.15128208696842194,0.9645161032676697,0.11316834390163422,0.9645161032676697,0.1465771645307541,0.9806451797485352,0.1136217787861824,0.975806474685669,0.13022883236408234,0.9451612830162048,0.2759300768375397,1.538803219795227
93,0.9330000281333923,0.21533694863319397,0.9923333525657654,0.0243931096047163,0.9793333411216736,0.061352863907814026,0.9806666374206543,0.06176106259226799,0.9886666536331177,0.037038154900074005,0.9919999837875366,0.02591942809522152,0.9793333411216736,0.06002729386091232,0.48582881689071655,0.9241935610771179,0.5246719121932983,0.9870967864990234,0.14705349504947662,0.9564515948295593,0.11017031222581863,0.9645161032676697,0.1294078677892685,0.975806474685669,0.10506932437419891,0.9790322780609131,0.13179565966129303,0.9403225779533386,0.27111995220184326,1.4192887544631958
94,0.9340000152587891,0.21547231078147888,0.9893333315849304,0.031727343797683716,0.9750000238418579,0.07383468747138977,0.9769999980926514,0.06731928139925003,0.984666645526886,0.04416060447692871,0.987666666507721,0.03868955001235008,0.9733333587646484,0.07436005026102066,0.5455639362335205,0.8999999761581421,0.6076411008834839,0.9806451797485352,0.1637721061706543,0.9564515948295593,0.1359042525291443,0.9741935729980469,0.11772535741329193,0.9806451797485352,0.09393797814846039,0.9790322780609131,0.13756418228149414,0.9435483813285828,0.2744089663028717,1.530954122543335
95,0.9259999990463257,0.2405477911233902,0.9896666407585144,0.03307328745722771,0.9736666679382324,0.0755375400185585,0.9810000061988831,0.06092768907546997,0.9886666536331177,0.03780188784003258,0.9890000224113464,0.03820810839533806,0.9753333330154419,0.06869310885667801,0.5547896027565002,0.9096774458885193,0.6009277105331421,0.9887096881866455,0.13231831789016724,0.9661290049552917,0.11434128135442734,0.9629032015800476,0.1444004774093628,0.975806474685669,0.11809313297271729,0.9709677696228027,0.16295430064201355,0.9403225779533386,0.2939830422401428,1.5670183897018433
96,0.9323333501815796,0.20209760963916779,0.9866666793823242,0.043273646384477615,0.9753333330154419,0.07251621782779694,0.9800000190734863,0.06552354246377945,0.9860000014305115,0.03786495327949524,0.9929999709129333,0.02265319600701332,0.9723333120346069,0.07167766988277435,0.5156068801879883,0.9096774458885193,0.5790122151374817,0.9838709831237793,0.15089675784111023,0.9580644965171814,0.12251845002174377,0.975806474685669,0.11698887497186661,0.9822580814361572,0.08120676130056381,0.9790322780609131,0.1309542953968048,0.948387086391449,0.2540156841278076,1.4355932474136353
97,0.9176666736602783,0.24609830975532532,0.9893333315849304,0.030551480129361153,0.9773333072662354,0.07353325933218002,0.9773333072662354,0.06652344018220901,0.9866666793823242,0.04326172545552254,0.9906666874885559,0.03074110858142376,0.9769999980926514,0.07871580868959427,0.5694253444671631,0.9096774458885193,0.5727972984313965,0.9854838848114014,0.14007504284381866,0.9645161032676697,0.12572991847991943,0.9677419066429138,0.13093098998069763,0.977419376373291,0.09102734923362732,0.9822580814361572,0.12371379137039185,0.948387086391449,0.23885507881641388,1.4231293201446533
98,0.9359999895095825,0.2060120403766632,0.9890000224113464,0.0355684719979763,0.9739999771118164,0.07662732899188995,0.9826666712760925,0.05146224796772003,0.9886666536331177,0.035103246569633484,0.9913333058357239,0.030395561829209328,0.9769999980926514,0.06235187128186226,0.4975208342075348,0.9080645442008972,0.5851529836654663,0.9870967864990234,0.14438588917255402,0.9661290049552917,0.12925072014331818,0.9693548679351807,0.10867800563573837,0.9822580814361572,0.08108426630496979,0.9806451797485352,0.13458183407783508,0.9532257914543152,0.22919264435768127,1.4123262166976929
99,0.92166668176651,0.23669905960559845,0.9903333187103271,0.029104335233569145,0.9726666808128357,0.07435719668865204,0.9803333282470703,0.054979849606752396,0.9909999966621399,0.03392615169286728,0.9883333444595337,0.038000237196683884,0.9800000190734863,0.061358917504549026,0.5284255146980286,0.89838707447052,0.638765275478363,0.9854838848114014,0.14303149282932281,0.9612902998924255,0.13981764018535614,0.9580644965171814,0.13771608471870422,0.975806474685669,0.09753182530403137,0.977419376373291,0.1405765265226364,0.9419354796409607,0.2516622841358185,1.5491012334823608
